品牌id,品牌,车系id,车系,修改（认证车主LOGO车系使用）,厂商,,
1,奥迪,1,奥迪A4L,A4L,一汽奥迪,,
1,奥迪,2,奥迪Q5,Q5,一汽奥迪,,
1,奥迪,3,奥迪A6L,A6L,一汽奥迪,,
1,奥迪,4,奥迪Q3,Q3,一汽奥迪,,
1,奥迪,5,奥迪A3,A3,一汽奥迪,,
1,奥迪,6,奥迪A4,A4,一汽奥迪,,
1,奥迪,9,奥迪Q7(进口),Q7,进口奥迪,,
1,奥迪,10,奥迪A8L(进口),A8L,进口奥迪,,
1,奥迪,11,奥迪R8(进口),R8,进口奥迪,,
1,奥迪,12,奥迪A5(进口),A5,进口奥迪,,
1,奥迪,13,奥迪A1(进口),A1,进口奥迪,,
1,奥迪,14,奥迪A7(进口),A7,进口奥迪,,
1,奥迪,15,奥迪TT(进口),TT,进口奥迪,,
1,奥迪,16,奥迪A3(进口),A3,进口奥迪,,
1,奥迪,17,奥迪A6(进口),A6,进口奥迪,,
1,奥迪,18,奥迪A4(进口),A4,进口奥迪,,
1,奥迪,19,奥迪Q5(进口),Q5,进口奥迪,,
1,奥迪,20,奥迪S8(进口),S8,进口奥迪,,
1,奥迪,21,奥迪S5(进口),S5,进口奥迪,,
1,奥迪,22,奥迪Q3(进口),Q3,进口奥迪,,
1,奥迪,23,奥迪S7,S7,进口奥迪,,
1,奥迪,24,奥迪S6,S6,进口奥迪,,
1,奥迪,25,奥迪S4,S4,进口奥迪,,
1,奥迪,26,奥迪Allroad quattro(进口),Allroad quattro,进口奥迪,,
1,奥迪,28,奥迪RS5(进口),RS5,进口奥迪RS,,
1,奥迪,29,奥迪RS7,RS7,进口奥迪RS,,
2,阿斯顿.马丁,31,阿斯顿马丁ONE-77,ONE-77,阿斯顿·马丁,,
2,阿斯顿.马丁,32,阿斯顿马丁Rapide,Rapide,阿斯顿·马丁,,
2,阿斯顿.马丁,33,阿斯顿马丁Vanquish,Vanquish,阿斯顿·马丁,,
2,阿斯顿.马丁,34,阿斯顿马丁DB9,DB9,阿斯顿·马丁,,
2,阿斯顿.马丁,35,V8 Vantage(进口),V8 Vantage,阿斯顿·马丁,,
2,阿斯顿.马丁,36,阿斯顿马丁DB7,DB7,阿斯顿·马丁,,
2,阿斯顿.马丁,37,V12 Vantage(进口),V12 Vantage,阿斯顿·马丁,,
2,阿斯顿.马丁,38,阿斯顿马丁DBS(进口),DBS,阿斯顿·马丁,,
2,阿斯顿.马丁,39,阿斯顿马丁Virage,Virage,阿斯顿·马丁,,
2,阿斯顿.马丁,41,阿斯顿马丁Zagato,Zagato,阿斯顿·马丁,,
3,阿尔法.罗密欧,42,阿尔法罗密欧Gtv(进口),Gtv,阿尔法·罗密欧,,
3,阿尔法.罗密欧,46,166,166,阿尔法·罗密欧,异常，删除,
4,AC Schnitzer,48,AC Schnitzer ACS5,ACS5,AC Schnitzer,,
4,AC Schnitzer,49,AC Schnitzer ACS7,ACS7,AC Schnitzer,,
4,AC Schnitzer,50,AC Schnitzer ACS6,ACS6,AC Schnitzer,,
5,本田,51,本田CR-V,CR-V,东风本田,,
5,本田,52,思域,思域,东风本田,,
5,本田,53,杰德,杰德,东风本田,,
5,本田,54,思铭,思铭,东风本田,,
5,本田,55,思铂睿,思铂睿,东风本田,,
5,本田,56,艾力绅,艾力绅,东风本田,,
5,本田,57,雅阁,雅阁,广汽本田,,
5,本田,58,凌派,凌派,广汽本田,,
5,本田,59,锋范,锋范,广汽本田,,
5,本田,60,飞度,飞度,广汽本田,,
5,本田,61,歌诗图,歌诗图,广汽本田,,
5,本田,62,奥德赛,奥德赛,广汽本田,,
5,本田,63,思迪,思迪,广汽本田,,
5,本田,64,本田CR-Z,CR-Z,进口本田,,
5,本田,65,思域(进口),思域,进口本田,,
5,本田,66,音赛特(进口),音赛特,进口本田,,
5,本田,67,本田CR-V(进口),CR-V,进口本田,,
5,本田,68,雅阁(进口),雅阁,进口本田,,
5,本田,69,元素(进口),元素,进口本田,,
5,本田,70,时韵(进口),时韵,进口本田,,
5,本田,71,奥德赛(进口),奥德赛,进口本田,,
5,本田,72,里程(海外),里程,进口本田,,
6,别克,74,凯越,凯越,上海通用别克,,
6,别克,75,君威,君威,上海通用别克,,
6,别克,76,英朗,英朗,上海通用别克,,
6,别克,77,君越,君越,上海通用别克,,
6,别克,78,昂科拉,昂科拉,上海通用别克,,
6,别克,80,GL8,GL8,上海通用别克,,
6,别克,81,林荫大道,林荫大道,上海通用别克,,
6,别克,82,凯越HRV,凯越HRV,上海通用别克,,
6,别克,83,凯越旅行车,凯越旅行车,上海通用别克,,
6,别克,84,赛欧,赛欧,上海通用别克,,
6,别克,85,荣御,荣御,上海通用别克,,
6,别克,86,昂科雷(进口),昂科雷,进口别克,,
7,宝马,89,宝马3系,3系,华晨宝马,,
7,宝马,90,宝马5系,5系,华晨宝马,,
7,宝马,91,宝马X1,X1,华晨宝马,,
7,宝马,92,宝马X5(进口),X5,进口宝马,,
7,宝马,93,宝马7系(进口),7系,进口宝马,,
7,宝马,94,宝马X6(进口),X6,进口宝马,,
7,宝马,95,宝马4系,4系,进口宝马,,
7,宝马,96,宝马X3(进口),X3,进口宝马,,
7,宝马,97,宝马1系(进口),1系,进口宝马,,
7,宝马,98,宝马Z4(进口),Z4,进口宝马,,
7,宝马,99,宝马5系(进口),5系,进口宝马,,
7,宝马,100,宝马3系(进口),3系,进口宝马,,
7,宝马,101,宝马5系GT(进口),5系GT,进口宝马,,
7,宝马,102,宝马3系GT,3系GT,进口宝马,,
7,宝马,103,宝马6系(进口),6系,进口宝马,,
7,宝马,105,宝马2系,2系,进口宝马,,
7,宝马,107,宝马X1(进口),X1,进口宝马,,
7,宝马,108,宝马M3,M3,进口宝马M系,,
7,宝马,109,宝马M6,M6,进口宝马M系,,
7,宝马,110,宝马X6 M,X6 M,进口宝马M系,,
7,宝马,111,宝马M5,M5,进口宝马M系,,
7,宝马,112,宝马X5 M,X5 M,进口宝马M系,,
7,宝马,114,宝马1系M,1系M,进口宝马M系,,
8,比亚迪,116,比亚迪S6,S6,比亚迪,,
8,比亚迪,117,速锐,速锐,比亚迪,,
8,比亚迪,118,比亚迪F3,F3,比亚迪,,
8,比亚迪,119,比亚迪F0,F0,比亚迪,,
8,比亚迪,120,比亚迪L3,L3,比亚迪,,
8,比亚迪,121,思锐,思锐,比亚迪,,
8,比亚迪,122,比亚迪G6,G6,比亚迪,,
8,比亚迪,123,比亚迪M6,M6,比亚迪,,
8,比亚迪,124,比亚迪S8,S8,比亚迪,,
8,比亚迪,125,比亚迪G3,G3,比亚迪,,
8,比亚迪,126,比亚迪F6,F6,比亚迪,,
8,比亚迪,127,比亚迪G3R,G3R,比亚迪,,
8,比亚迪,128,比亚迪E6,E6,比亚迪,,
8,比亚迪,129,比亚迪F3R,F3R,比亚迪,,
8,比亚迪,130,比亚迪F3DM,F3DM,比亚迪,,
8,比亚迪,131,秦,秦,比亚迪,,
8,比亚迪,132,福莱尔,福莱尔,比亚迪,,
9,奔驰,133,奔驰E级,E级,北京奔驰,,
9,奔驰,134,奔驰C级,C级,北京奔驰,,
9,奔驰,135,奔驰GLK级,GLK级,北京奔驰,,
9,奔驰,136,唯雅诺,唯雅诺,福建奔驰,,
9,奔驰,137,威霆,威霆,福建奔驰,,
9,奔驰,138,凌特,凌特,福建奔驰,,
9,奔驰,139,奔驰S级(进口),S级,进口奔驰,,
9,奔驰,140,奔驰M级(进口),M级,进口奔驰,,
9,奔驰,141,奔驰A级(进口),A级,进口奔驰,,
9,奔驰,142,奔驰GL级(进口),GL级,进口奔驰,,
9,奔驰,143,奔驰CLS级(进口),CLS级,进口奔驰,,
9,奔驰,144,奔驰B级(进口),B级,进口奔驰,,
9,奔驰,145,奔驰C级(进口),C级,进口奔驰,,
9,奔驰,146,奔驰SLK级(进口),SLK级,进口奔驰,,
9,奔驰,147,奔驰GLK级(进口),GLK级,进口奔驰,,
9,奔驰,149,奔驰R级(进口),R级,进口奔驰,,
9,奔驰,150,奔驰E级(进口),E级,进口奔驰,,
9,奔驰,151,奔驰G级(进口),G级,进口奔驰,,
9,奔驰,152,奔驰SL级(进口),SL级,进口奔驰,,
9,奔驰,153,凌特(进口),凌特,进口奔驰,,
9,奔驰,154,唯雅诺(进口),唯雅诺,进口奔驰,,
9,奔驰,155,威霆(进口),威霆,进口奔驰,,
9,奔驰,157,奔驰CLK(进口),CLK,进口奔驰,,
9,奔驰,158,奔驰CL系列(进口),CL系列,进口奔驰,,
9,奔驰,160,奔驰G级AMG,G级AMG,进口奔驰AMG,,
9,奔驰,161,奔驰SLS级AMG,SLS级AMG,进口奔驰AMG,,
9,奔驰,162,奔驰GL级AMG,GL级AMG,进口奔驰AMG,,
9,奔驰,163,奔驰S级AMG,S级AMG,进口奔驰AMG,,
9,奔驰,164,奔驰M级AMG,M级AMG,进口奔驰AMG,,
9,奔驰,165,奔驰C级AMG,C级AMG,进口奔驰AMG,,
9,奔驰,166,奔驰SLK级AMG,SLK级AMG,进口奔驰AMG,,
9,奔驰,167,奔驰SL级AMG,SL级AMG,进口奔驰AMG,,
9,奔驰,168,奔驰CLS级AMG,CLS级AMG,进口奔驰AMG,,
9,奔驰,169,奔驰E级AMG,E级AMG,进口奔驰AMG,,
10,标致,170,标致308,308,东风标致,,
10,标致,171,标致3008,3008,东风标致,,
10,标致,172,标致508,508,东风标致,,
10,标致,173,标致408,408,东风标致,,
10,标致,174,标致307三厢,307,东风标致,,
10,标致,175,标致207两厢,207,东风标致,,
10,标致,176,标致207三厢,207,东风标致,,
10,标致,177,标致307两厢,307,东风标致,,
10,标致,178,标致301,301,东风标致,,
10,标致,180,标致206,206,东风标致,,
10,标致,183,标致4008(进口),4008,进口标致,,
10,标致,184,标致308 CC(进口),308 CC,进口标致,,
10,标致,185,标致207 CC(进口),207 CC,进口标致,,
10,标致,186,标致RCZ(进口),RCZ,进口标致,,
10,标致,187,标致3008(进口),3008,进口标致,,
10,标致,188,标致607(进口),607,进口标致,,
10,标致,189,标致308 SW(进口),308 SW,进口标致,,
10,标致,190,标致407 Coupe(进口),407 Coupe,进口标致,,
10,标致,191,标致407(进口),407,进口标致,,
10,标致,192,标致407 SW(进口),407 SW,进口标致,,
10,标致,194,标致206 CC(进口),206 CC,进口标致,,
10,标致,195,标致307 CC(进口),307 CC,进口标致,,
10,标致,196,标致307 SW(进口),307 SW,进口标致,,
10,标致,197,标致406(进口),406,进口标致,,
10,标致,201,标致206 SW(进口),206 SW,进口标致,,
11,保时捷,203,保时捷Cayenne(进口),Cayenne,保时捷,,
11,保时捷,204,保时捷911(进口),911,保时捷,,
11,保时捷,205,保时捷Panamera(进口),Panamera,保时捷,,
11,保时捷,206,保时捷918,918,保时捷,,
11,保时捷,207,保时捷Boxster(进口),Boxster,保时捷,,
11,保时捷,208,保时捷Cayman(进口),Cayman,保时捷,,
12,奔腾,209,奔腾X80,X80,奔腾,,
12,奔腾,210,奔腾B50,B50,奔腾,,
12,奔腾,211,奔腾B70,B70,奔腾,,
12,奔腾,212,奔腾B90,B90,奔腾,,
13,北京汽车,213,北汽E系列两厢,E系列,北京汽车,,
13,北京汽车,214,北汽E系列三厢,E系列,北京汽车,,
13,北京汽车,215,北京吉普BJ40,BJ40,北京汽车,,
14,北汽制造,217,战旗2024,2024,北汽制造,,
14,北汽制造,218,勇士,勇士,北汽制造,,
14,北汽制造,219,北汽212系列,212系列,北汽制造,,
14,北汽制造,220,角斗士,角斗士,北汽制造,,
14,北汽制造,221,北汽骑士,骑士,北汽制造,,
14,北汽制造,222,陆霸,陆霸,北汽制造,,
14,北汽制造,223,域胜007,域胜007,北汽制造,,
14,北汽制造,224,陆铃,陆铃,北汽制造,,
14,北汽制造,225,战旗2023,战旗2023,北汽制造,,
14,北汽制造,226,新城市猎人,新城市猎人,北汽制造,,
14,北汽制造,227,雷驰,雷驰,北汽制造,,
14,北汽制造,228,旋风,旋风,北汽制造,,
15,宝骏,229,宝骏630,630,宝骏,,
15,宝骏,230,乐驰,乐驰,宝骏,,
16,宾利,231,欧陆(进口),欧陆,宾利,,
16,宾利,232,欧陆飞驰（欧陆和飞驰属两个车系，此项应为飞驰）,飞驰,宾利,,
16,宾利,233,雅致Arnage(进口),雅致Arnage,宾利,,
16,宾利,234,慕尚(海外),慕尚,宾利,,
16,宾利,235,雅骏(进口),雅骏,宾利,,
17,北汽威旺,236,北汽威旺M20,威旺M20,北汽威旺,,
17,北汽威旺,237,北汽威旺205,威旺205,北汽威旺,,
17,北汽威旺,238,北汽威旺306,威旺306,北汽威旺,,
18,布加迪,239,威航(进口),威航,布加迪,,
19,巴博斯,240,BRABUS巴博斯 M级,M级,巴博斯,,
19,巴博斯,241,BRABUS巴博斯 SLK级,SLK级,巴博斯,,
19,巴博斯,242,BRABUS巴博斯 S级,S级,巴博斯,,
19,巴博斯,243,BRABUS巴博斯 CLS级,CLS级,巴博斯,,
20,保斐利,246,保斐利LA JOYA,JOYA,保斐利,,
21,长安轿车,247,长安CS35,CS35,长安轿车,,
21,长安轿车,248,致尚XT,致尚XT,长安轿车,,
21,长安轿车,249,逸动,逸动,长安轿车,,
21,长安轿车,250,悦翔V3,悦翔V3,长安轿车,,
21,长安轿车,251,长安CX20,CX20,长安轿车,,
21,长安轿车,252,奔奔Mini,奔奔Mini,长安轿车,,
21,长安轿车,253,悦翔,悦翔,长安轿车,,
21,长安轿车,254,睿骋,睿骋,长安轿车,,
21,长安轿车,255,悦翔V5,悦翔V5,长安轿车,,
21,长安轿车,256,长安CX30三厢,CX30三厢,长安轿车,,
21,长安轿车,257,长安CS75,CS75,长安轿车,,
21,长安轿车,258,奔奔,奔奔,长安轿车,,
21,长安轿车,259,志翔,志翔,长安轿车,,
21,长安轿车,260,长安CX30两厢,CX30两厢,长安轿车,,
21,长安轿车,261,悦翔两厢,悦翔两厢,长安轿车,,
21,长安轿车,262,杰勋,杰勋,长安轿车,,
22,长城,263,长城M4,M4,长城,,
22,长城,264,长城C30,C30,长城,,
22,长城,265,长城C50,C50,长城,,
22,长城,266,长城V80,V80,长城,,
22,长城,267,长城M2,M2,长城,,
22,长城,268,风骏5,风骏5,长城,,
22,长城,269,长城C20R,C20R,长城,,
22,长城,270,风骏房车,风骏房车,长城,,
22,长城,271,金迪尔,金迪尔,长城,,
22,长城,272,炫丽,炫丽,长城,,
22,长城,273,酷熊,酷熊,长城,,
22,长城,274,赛弗SUV,赛弗SUV,长城,,
22,长城,275,长城精灵,精灵,长城,,
22,长城,276,炫丽CROSS,炫丽CROSS,长城,,
22,长城,277,大脚兽,大脚兽,长城,,
22,长城,278,凌傲,凌傲,长城,,
22,长城,279,风骏3,风骏3,长城,,
22,长城,280,赛影RUV,赛影RUV,长城,,
22,长城,281,赛铃皮卡,赛铃,长城,,
22,长城,282,赛酷皮卡,赛酷,长城,,
22,长城,283,赛骏,赛骏,长城,,
23,长安商用,284,欧力威,欧力威,长安商用,,
23,长安商用,285,长安欧诺,欧诺,长安商用,,
23,长安商用,286,长安之星,之星,长安商用,,
23,长安商用,287,长安之星2,长安之星2,长安商用,,
23,长安商用,288,金牛星,金牛星,长安商用,,
23,长安商用,289,长安睿行,睿行,长安商用,,
23,长安商用,290,长安星光,星光,长安商用,,
23,长安商用,291,长安星卡,星卡,长安商用,,
23,长安商用,292,长安星光4500,星光4500,长安商用,,
23,长安商用,293,长安尊行,尊行,长安商用,,
23,长安商用,294,长安神骐,神骐,长安商用,,
23,长安商用,297,长安CM8,CM8,长安商用,,
23,长安商用,298,长安星韵,星韵,长安商用,,
23,长安商用,299,长安运通,运通,长安商用,,
23,长安商用,300,长安镭蒙,镭蒙,长安商用,,
23,长安商用,301,长安雪虎,雪虎,长安商用,,
24,昌河,302,福瑞达,福瑞达,昌河,,
24,昌河,303,爱迪尔,爱迪尔,昌河,,
24,昌河,304,福运,福运,昌河,,
24,昌河,306,爱迪尔Ⅱ,爱迪尔Ⅱ,昌河,,
25,大众,310,桑塔纳,桑塔纳,上海大众,,
25,大众,311,朗逸,朗逸,上海大众,,
25,大众,312,途观,途观,上海大众,,
25,大众,313,帕萨特,帕萨特,上海大众,,
25,大众,314,大众POLO,POLO,上海大众,,
25,大众,315,朗境,朗境,上海大众,,
25,大众,316,朗行,朗行,上海大众,,
25,大众,317,途安,途安,上海大众,,
25,大众,318,桑塔纳志俊,桑塔纳,上海大众,,
25,大众,319,大众CrossPOLO,CrossPOLO,上海大众,,
25,大众,321,大众POLO劲取,POLO,上海大众,,
25,大众,322,大众POLO GTI,POLO GTI,上海大众,,
25,大众,323,桑塔纳3000,桑塔纳,上海大众,,
25,大众,324,桑塔纳2000,桑塔纳,上海大众,,
25,大众,325,高尔,高尔,上海大众,,
25,大众,326,POLO劲情,POLO ,上海大众,,
25,大众,327,速腾,速腾,一汽-大众,,
25,大众,328,捷达,捷达,一汽-大众,,
25,大众,329,宝来,宝来,一汽-大众,,
25,大众,330,迈腾,迈腾,一汽-大众,,
25,大众,331,高尔夫,高尔夫,一汽-大众,,
25,大众,332,一汽-大众CC,CC,一汽-大众,,
25,大众,333,高尔夫GTI,高尔夫GTI,一汽-大众,,
25,大众,334,开迪,开迪,一汽-大众,,
25,大众,335,宝来两厢,宝来,一汽-大众,,
25,大众,336,辉腾(进口),辉腾,进口大众,,
25,大众,337,途锐(进口),途锐,进口大众,,
25,大众,338,尚酷(进口),尚酷,进口大众,,
25,大众,339,甲壳虫(进口),甲壳虫,进口大众,,
25,大众,340,大众Tiguan(进口),Tiguan,进口大众,,
25,大众,341,夏朗(进口),夏朗,进口大众,,
25,大众,342,高尔夫(进口),高尔夫,进口大众,,
25,大众,343,大众CC(进口),CC,进口大众,,
25,大众,344,迈腾(进口),迈腾,进口大众,,
25,大众,345,大众Eos(进口),Eos,进口大众,,
25,大众,346,高尔夫GTI(进口),高尔夫GTI,进口大众,,
25,大众,347,大众Multivan(进口),Multivan,进口大众,,
25,大众,349,大众 R36(进口),R36,进口大众,,
25,大众,350,PASSAT(进口),PASSAT,进口大众,,
26,东风风行,351,景逸X5,景逸X5,东风风行,,
26,东风风行,352,菱智,菱智,东风风行,,
26,东风风行,353,景逸,景逸,东风风行,,
26,东风风行,354,景逸SUV,景逸SUV,东风风行,,
26,东风风行,355,风行CM7,风行CM7,东风风行,,
27,东南,356,V3菱悦,V3菱悦,东南,,
27,东南,357,V5菱致,V5菱致,东南,,
27,东南,358,V6菱仕,V6菱仕,东南,,
27,东南,359,得利卡,得利卡,东南,,
27,东南,360,希旺,希旺,东南,,
27,东南,361,菱帅,菱帅,东南,,
27,东南,362,富利卡,富利卡,东南,,
27,东南,363,菱利,菱利,东南,,
28,东风小康,364,东风小康风光,风光,东风小康,,
28,东风小康,365,东风小康K17,K17,东风小康,,
28,东风小康,366,东风小康C37,C37,东风小康,,
28,东风小康,367,东风小康V27,V27,东风小康,,
28,东风小康,368,东风小康V29,V29,东风小康,,
28,东风小康,369,东风小康K07,K07,东风小康,,
28,东风小康,370,东风小康K07Ⅱ,K07Ⅱ,东风小康,,
28,东风小康,371,东风小康C35,C35,东风小康,,
28,东风小康,372,东风小康K02,K02,东风小康,,
28,东风小康,373,东风小康K01,K01,东风小康,,
28,东风小康,374,东风小康V07s,V07s,东风小康,,
28,东风小康,375,东风小康V26,V26,东风小康,,
28,东风小康,376,东风小康V22,V22,东风小康,,
28,东风小康,377,东风小康V21,V21,东风小康,,
29,道奇,378,凯领,凯领,东南道奇,,
29,道奇,379,酷威(进口),酷威,进口道奇,,
29,道奇,380,酷搏(进口),酷搏,进口道奇,,
29,道奇,381,公羊(进口),公羊,进口道奇,,
29,道奇,382,锋哲(进口),锋哲,进口道奇,,
29,道奇,383,翼龙(进口),翼龙,进口道奇,,
29,道奇,384,拓荒者(进口),拓荒者,进口道奇,,
29,道奇,385,凯领(进口),凯领,进口道奇,,
30,东风风神,386,风神A60,风神A60,东风风神,,
30,东风风神,387,H30 Cross,风神H30 ,东风风神,,
30,东风风神,388,风神S30,风神S30,东风风神,,
30,东风风神,389,风神H30,风神H30,东风风神,,
31,DS,390,DS5,DS5,长安标致DS,,
31,DS,391,DS5(进口),DS5,进口DS,,
31,DS,392,DS3(进口),DS3,进口DS,,
31,DS,393,DS4(进口),DS4,进口DS,,
32,东风风度,394,帅客,帅客,东风风度,,
32,东风风度,395,奥丁,奥丁,东风风度,,
32,东风风度,396,锐骐皮卡,锐骐,东风风度,,
32,东风风度,397,御轩,御轩,东风风度,,
32,东风风度,398,锐骐厢式车,锐骐,东风风度,,
32,东风风度,399,俊风,俊风,东风风度,,
33,东风,400,御风,御风,东风,,
34,大通,405,MAXUS V80,MAXUS V80,大通,商用车，删除,
34,大通,406,MAXUS V80改装车,MAXUS V80,大通,商用车，删除,
35,福特,407,福克斯三厢,福克斯,长安福特,,
35,福特,408,蒙迪欧,蒙迪欧,长安福特,,
35,福特,409,翼虎,翼虎,长安福特,,
35,福特,410,福克斯两厢,福克斯,长安福特,,
35,福特,411,翼搏,翼搏,长安福特,,
35,福特,412,嘉年华两厢,嘉年华,长安福特,,
35,福特,413,蒙迪欧-致胜,致胜,长安福特,,
35,福特,414,嘉年华三厢,嘉年华,长安福特,,
35,福特,416,麦柯斯,麦柯斯,长安福特,,
35,福特,417,锐界(进口),锐界,进口福特,,
35,福特,418,福特探险者(进口),探险者,进口福特,,
35,福特,419,野马(进口),野马,进口福特,,
35,福特,420,F系列(进口),F系列,进口福特,,
35,福特,421,福特E系列(进口),E系列,进口福特,,
35,福特,422,福克斯(进口),福克斯,进口福特,,
35,福特,423,征服者(进口),征服者,进口福特,,
35,福特,424,嘉年华(进口),嘉年华,进口福特,,
35,福特,425,Flex(海外),Flex,进口福特,,
35,福特,427,福特外交官(进口),外交官,进口福特,,
36,丰田,430,凯美瑞,凯美瑞,广汽丰田,,
36,丰田,431,汉兰达,汉兰达,广汽丰田,,
36,丰田,432,逸致,逸致,广汽丰田,,
36,丰田,433,雅力士,雅力士,广汽丰田,,
36,丰田,434,凯美瑞Hybrid,凯美瑞Hybrid,广汽丰田,,
36,丰田,435,YARiS L 致炫,致炫,广汽丰田,,
36,丰田,436,威驰,威驰,一汽丰田,,
36,丰田,437,一汽丰田RAV4,RAV4,一汽丰田,,
36,丰田,438,花冠,花冠,一汽丰田,,
36,丰田,439,卡罗拉,卡罗拉,一汽丰田,,
36,丰田,440,锐志,锐志,一汽丰田,,
36,丰田,441,普拉多,普拉多,一汽丰田,,
36,丰田,442,皇冠,皇冠,一汽丰田,,
36,丰田,443,兰德酷路泽,兰德酷路泽,一汽丰田,,
36,丰田,444,普锐斯,普锐斯,一汽丰田,,
36,丰田,445,柯斯达,柯斯达,一汽丰田,,
36,丰田,446,陆地巡洋舰,兰德酷路泽,一汽丰田,,
36,丰田,447,特锐,特锐,一汽丰田,,
36,丰田,448,普拉多(进口),普拉多,进口丰田,,
36,丰田,449,陆地巡洋舰(进口),兰德酷路泽,进口丰田,,
36,丰田,450,丰田86,86,进口丰田,,
36,丰田,451,红杉(进口),红杉,进口丰田,,
36,丰田,452,FJ酷路泽(进口),FJ酷路泽,进口丰田,,
36,丰田,453,丰田皮卡(进口),坦途,进口丰田,,
36,丰田,454,埃尔法(进口),埃尔法,进口丰田,,
36,丰田,455,丰田汉兰达(进口),汉兰达,进口丰田,,
36,丰田,456,丰田Wish,Wish,进口丰田,,
36,丰田,457,杰路驰(进口),杰路驰,进口丰田,,
36,丰田,458,普瑞维亚(进口),普瑞维亚,进口丰田,,
36,丰田,459,威飒,威飒,进口丰田,,
36,丰田,460,Sienna(进口),Sienna,进口丰田,,
36,丰田,461,考斯特(进口),考斯特,进口丰田,商用车，删除,
36,丰田,462,丰田海狮(进口),海狮,进口丰田,,
36,丰田,464,海拉克斯(进口),海拉克斯,进口丰田,,
36,丰田,465,丰田MR2(进口),MR2,进口丰田,,
36,丰田,466,丰田亚洲龙(进口),亚洲龙,进口丰田,,
36,丰田,467,丰田佳美(进口),佳美,进口丰田,,
36,丰田,468,丰田RAV4(进口),RAV4,进口丰田,,
36,丰田,469,4Runner,4Runner,进口丰田,,
36,丰田,471,丰田赛利卡(进口),赛利卡,进口丰田,,
37,菲亚特,473,菲翔,菲翔,广汽菲亚特,,
37,菲亚特,474,派力奥,派力奥,南京菲亚特,,
37,菲亚特,475,西耶那,西耶那,南京菲亚特,,
37,菲亚特,476,周末风,周末风,南京菲亚特,,
37,菲亚特,477,派朗,派朗,南京菲亚特,,
37,菲亚特,478,菲跃(进口),菲跃,进口菲亚特,,
37,菲亚特,479,菲亚特500(进口),500,进口菲亚特,,
37,菲亚特,480,博悦(进口),博悦,进口菲亚特,,
37,菲亚特,482,朋多,朋多,进口菲亚特,,
37,菲亚特,483,领雅,领雅,进口菲亚特,,
37,菲亚特,485,菲亚特Stilo(进口),Stilo,进口菲亚特,,
37,菲亚特,486,德特乐福斯(进口),德特乐福斯,进口菲亚特,,
37,菲亚特,488,菲亚特Doblo(进口),Doblo,进口菲亚特,,
38,法拉利,490,法拉利458(进口),458,法拉利,,
38,法拉利,491,F12 berlinetta(海外),F12 berlinetta,法拉利,,
38,法拉利,492,California(进口),California,法拉利,,
38,法拉利,493,法拉利FF,FF,法拉利,,
38,法拉利,496,法拉利F430(进口),F430,法拉利,,
38,法拉利,497,法拉利599(进口),599,法拉利,,
38,法拉利,498,575M Maranello(进口),575M Maranello,法拉利,,
38,法拉利,499,612 Scaglietti(进口),612 Scaglietti,法拉利,,
38,法拉利,500,360 Modena(进口),360 Modena,法拉利,,
39,福田,502,蒙派克E,蒙派克E,福田,,
39,福田,503,奥铃捷运,奥铃捷运,福田,,
39,福田,504,风景快运,风景,福田,,
39,福田,505,萨普,萨普,福田,,
39,福田,506,拓陆者,拓陆者,福田,,
39,福田,507,迷迪,迷迪,福田,,
39,福田,508,奥铃TX,奥铃TX,福田,,
39,福田,509,奥铃CTX,奥铃CTX,福田,,
39,福田,510,风景快捷,风景,福田,,
39,福田,512,蒙派克S,蒙派克S,福田,,
39,福田,513,欧马可,欧马可,福田,,
39,福田,516,风景冲浪,风景,福田,,
39,福田,517,风景爱尔法,风景,福田,,
39,福田,518,风景快客,风景,福田,,
40,福迪,522,探索者6,福迪,福迪,,
40,福迪,523,探索者Ⅱ,福迪,福迪,,
40,福迪,524,探索者Ⅲ,福迪,福迪,,
40,福迪,525,福迪小超人皮卡,福迪,福迪,,
40,福迪,526,雄狮F16皮卡,福迪,福迪,,
40,福迪,527,福迪雄狮皮卡,福迪,福迪,,
41,飞驰商务车,530,斯宾特,斯宾特,飞驰商务车,,
41,飞驰商务车,531,飞驰威霆,威霆,飞驰商务车,,
44,广汽,534,传祺GS5,GS5,广汽,,
44,广汽,535,传祺GA3,GA3,广汽,,
44,广汽,536,传祺GA5,GA5,广汽,,
45,广汽吉奥,538,星朗,星朗,广汽吉奥,,
45,广汽吉奥,539,奥轩GX5,奥轩GX5,广汽吉奥,,
45,广汽吉奥,540,奥轩G5,奥轩G5,广汽吉奥,,
45,广汽吉奥,541,帅舰,帅舰,广汽吉奥,,
45,广汽吉奥,542,星旺,星旺,广汽吉奥,,
45,广汽吉奥,543,星旺CL,星旺CL,广汽吉奥,,
45,广汽吉奥,544,财运100,财运100,广汽吉奥,,
45,广汽吉奥,545,财运300,财运300,广汽吉奥,,
45,广汽吉奥,546,财运500,财运500,广汽吉奥,,
45,广汽吉奥,547,星旺M2,星旺M2,广汽吉奥,,
45,广汽吉奥,548,星旺L,星旺L,广汽吉奥,,
45,广汽吉奥,549,星旺M1,星旺M1,广汽吉奥,,
45,广汽吉奥,550,吉奥GS50,GS50,广汽吉奥,,
45,广汽吉奥,551,吉奥GX6,GX6,广汽吉奥,,
45,广汽吉奥,552,奥轩G3,奥轩G3,广汽吉奥,,
45,广汽吉奥,553,帅豹,帅豹,广汽吉奥,,
45,广汽吉奥,554,凯睿,凯睿,广汽吉奥,,
45,广汽吉奥,555,柴神,柴神,广汽吉奥,,
45,广汽吉奥,556,帅凌,帅凌,广汽吉奥,,
45,广汽吉奥,559,猛将旅,猛将旅,广汽吉奥,,
46,观致汽车,560,观致3,观致3,观致汽车,,
47,GMC,561,GMC(进口),GMC,GMC,,
48,光冈,562,大蛇(进口),大蛇,光冈,,
48,光冈,563,嘉路(进口),嘉路,光冈,,
48,光冈,564,女王(进口),女王,光冈,,
49,广汽日野,565,270Y系列,270Y,广汽日野,,
49,广汽日野,566,320D系列,320D,广汽日野,,
49,广汽日野,567,300J系列,300J,广汽日野,,
50,哈弗,568,哈弗H6,H6,哈弗,,
50,哈弗,569,哈弗H5,H5,哈弗,,
50,哈弗,570,哈弗派,哈弗派,哈弗,,
50,哈弗,574,哈弗H3,H3,哈弗,,
22,长城,575,长城M1,M1,长城,,
51,海马,576,海马M3,M3,海马,,
51,海马,577,海马S7,S7,海马,,
51,海马,578,普力马,普力马,海马,,
51,海马,579,丘比特,丘比特,海马,,
51,海马,580,福美来,福美来,海马,,
51,海马,581,骑士,骑士,海马,,
51,海马,582,海福星,海福星,海马,,
51,海马,583,福美来VS,福美来VS,海马,,
51,海马,586,海南马自达323,323,海马,,
51,海马,587,海马3,海马3,海马,,
51,海马,588,欢动,欢动,海马,,
52,华泰,590,圣达菲,圣达菲,华泰,,
52,华泰,591,宝利格,宝利格,华泰,,
52,华泰,592,路盛E70,路盛E70,华泰,,
52,华泰,593,华泰B11,B11,华泰,,
52,华泰,594,特拉卡,特拉卡,华泰,,
53,红旗,595,红旗H7,H7,红旗,,
53,红旗,598,红旗盛世,盛世,红旗,,
53,红旗,599,明仕,明仕,红旗,,
53,红旗,600,世纪星,世纪星,红旗,,
53,红旗,601,红旗旗舰,旗舰,红旗,,
54,海马商用车,602,海马王子,王子,海马商用车,,
54,海马商用车,603,海马爱尚,爱尚,海马商用车,,
54,海马商用车,604,福仕达新腾达,福仕达新腾达,海马商用车,,
54,海马商用车,605,福仕达鸿达,福仕达鸿达,海马商用车,,
54,海马商用车,606,福仕达新鸿达,福仕达新鸿达,海马商用车,,
54,海马商用车,607,福仕达荣达,福仕达荣达,海马商用车,,
54,海马商用车,608,腾达,腾达,海马商用车,,
54,海马商用车,609,福卡,福卡,海马商用车,,
55,黄海,611,挑战者,挑战者,黄海,,
55,黄海,612,旗胜F1,旗胜F1,黄海,,
55,黄海,613,旗胜V3,旗胜V3,黄海,,
55,黄海,614,大柴神,大柴神,黄海,,
55,黄海,615,翱龙CUV,翱龙CUV,黄海,,
55,黄海,616,小柴神,小柴神,黄海,,
55,黄海,617,傲骏,傲骏,黄海,,
55,黄海,618,旗胜CUV,旗胜CUV,黄海,,
55,黄海,620,傲龙CUV,傲龙CUV,黄海,,
55,黄海,621,翱龙SUV,翱龙SUV,黄海,,
55,黄海,622,曙光骄子,曙光骄子,黄海,,
55,黄海,623,领航者,海领航者,黄海,,
55,黄海,625,黄海征服者,征服者,黄海,,
55,黄海,626,傲羚,傲羚,黄海,,
56,哈飞,627,路宝,路宝,哈飞,,
56,哈飞,628,赛马,赛马,哈飞,,
56,哈飞,629,新民意,新民意,哈飞,,
56,哈飞,630,中意,中意,哈飞,,
56,哈飞,631,赛豹Ⅲ,赛豹Ⅲ,哈飞,,
56,哈飞,632,路尊小霸王,路尊小霸王,哈飞,,
56,哈飞,633,骏意,骏意,哈飞,,
56,哈飞,634,民意,民意,哈飞,,
56,哈飞,636,路尊大霸王,路尊大霸王,哈飞,,
56,哈飞,637,哈飞单双排,单双排,哈飞,商用车，删除,
56,哈飞,638,中意单双排,中意,哈飞,商用车，删除,
56,哈飞,640,普面,普面,哈飞,商用车，删除,
56,哈飞,641,赛豹V系,赛豹V系,哈飞,,
56,哈飞,642,百利,百利,哈飞,,
56,哈飞,643,民意单双排,民意,哈飞,,
56,哈飞,645,民意一排半,民意,哈飞,,
57,海格,646,客卡,客卡,海格,商用车，删除,
57,海格,647,新大海狮,大海狮,海格,商用车，删除,
57,海格,648,高大海狮,大海狮,海格,商用车，删除,
58,恒天汽车,650,途腾T3,途腾,恒天汽车,,
58,恒天汽车,651,途腾T2,途腾,恒天汽车,,
58,恒天汽车,652,途腾T1,途腾,恒天汽车,,
59,汇众,653,伊思坦纳,伊思坦纳,汇众,商用车，删除,
59,汇众,654,德驰,德驰,汇众,商用车，删除,
60,江淮,655,瑞风S5,瑞风S5,江淮,,
60,江淮,656,和悦A30,和悦,江淮,,
60,江淮,657,瑞风,瑞风,江淮,,
60,江淮,658,和悦RS,和悦,江淮,,
60,江淮,659,和悦,和悦,江淮,,
60,江淮,660,同悦,同悦,江淮,,
60,江淮,661,瑞鹰,瑞鹰,江淮,,
60,江淮,662,悦悦,悦悦,江淮,,
60,江淮,663,瑞风M5,瑞风M5,江淮,,
60,江淮,664,同悦RS,同悦RS,江淮,,
60,江淮,665,宾悦,宾悦,江淮,,
60,江淮,666,星锐,星锐,江淮,,
60,江淮,667,瑞铃,瑞铃,江淮,,
60,江淮,668,瑞风改装车,瑞风,江淮,,
60,江淮,669,雪豹X50,安驰雪豹X50,江淮安驰,,
60,江淮,674,威豹,安驰威豹,江淮安驰,,
60,江淮,676,金牛,安驰金牛,江淮安驰,,
61,Jeep,680,Jeep2500,Jeep2500,北京吉普,,
61,Jeep,681,切诺基,切诺基,北京吉普切诺基,,
61,Jeep,682,大切诺基,大切诺基,北京吉普切诺基,,
61,Jeep,683,指南者,指南者,进口Jeep,,
61,Jeep,684,大切诺基(进口),大切诺基,进口Jeep,,
61,Jeep,685,牧马人,牧马人,进口Jeep,,
61,Jeep,686,自由客,自由客,进口Jeep,,
61,Jeep,688,指挥官(进口),指挥官,进口Jeep,,
61,Jeep,689,自由人(进口),自由人,进口Jeep,,
62,吉利全球鹰,690,全球鹰GX7,全球鹰GX7,吉利全球鹰,,
62,吉利全球鹰,691,熊猫,熊猫,吉利全球鹰,,
62,吉利全球鹰,692,全球鹰GC7,全球鹰GC7,吉利全球鹰,,
62,吉利全球鹰,693,自由舰,自由舰,吉利全球鹰,,
62,吉利全球鹰,694,远景,远景,吉利全球鹰,,
62,吉利全球鹰,695,全球鹰GX2,全球鹰GX2,吉利全球鹰,,
63,吉利帝豪,698,帝豪EC7,帝豪EC7,吉利帝豪,,
63,吉利帝豪,699,帝豪EC8,帝豪EC8,吉利帝豪,,
63,吉利帝豪,700,帝豪EC7-RV,帝豪EC7-RV,吉利帝豪,,
64,捷豹,701,捷豹XF,XF,捷豹,,
64,捷豹,702,捷豹XJ,XJ,捷豹,,
64,捷豹,703,捷豹F-Type,F-Type,捷豹,,
64,捷豹,704,捷豹XKR(进口),XKR,捷豹,,
64,捷豹,706,捷豹XK(进口),XK,捷豹,,
64,捷豹,707,捷豹XFR(进口),XFR,捷豹,,
64,捷豹,708,捷豹S-TYPE(进口),S-TYPE,捷豹,,
65,吉利英伦,709,英伦SX7,SX7,吉利英伦,,
65,吉利英伦,710,英伦SC7,SC7,吉利英伦,,
65,吉利英伦,711,金刚2代,金刚2代,吉利英伦,,
65,吉利英伦,712,英伦SC6,SC6,吉利英伦,,
65,吉利英伦,713,金鹰,鹰,吉利英伦,,
65,吉利英伦,714,英伦SC3,SC3,吉利英伦,,
65,吉利英伦,715,英伦SC5-RV,SC5-RV,吉利英伦,,
65,吉利英伦,716,英伦TX4,TX4,吉利英伦,,
65,吉利英伦,718,金刚,金刚,吉利英伦,,
66,江铃,719,驭胜,驭胜,江铃,,
66,江铃,720,经典全顺,全顺,江铃,商用车，删除,
66,江铃,721,福特新世代全顺,新世代全顺,江铃,商用车，删除,
66,江铃,722,宝典,宝典,江铃,,
66,江铃,723,域虎,域虎,江铃,,
66,江铃,724,宝威,宝威,江铃,,
66,江铃,725,顺达,顺达,江铃,,
66,江铃,726,凯运,凯运,江铃,,
66,江铃,727,凯锐,凯锐,江铃,,
67,金杯,729,智尚S30,智尚S30,金杯,,
67,金杯,730,金杯海狮,海狮,金杯,商用车，删除,
67,金杯,731,阁瑞斯MPV,阁瑞斯MPV,金杯,,
67,金杯,732,华晨金杯S50,金杯S50,金杯,,
67,金杯,733,小海狮,小海狮,金杯,商用车，删除,
67,金杯,734,大海狮,大海狮,金杯,商用车，删除,
67,金杯,735,海狮第6代,海狮,金杯,商用车，删除,
67,金杯,736,海星,海星,金杯,,
67,金杯,737,西部大力神,西部大力神,金杯,,
67,金杯,738,雷龙,雷龙,金杯,,
67,金杯,739,金典,金典,金杯,,
67,金杯,741,金杯霸道SUV,霸道SUV,金杯,,
68,江南,742,奥拓经典,奥拓经典,江南,,
68,江南,743,传奇,传奇,江南,,
68,江南,744,江南风光,风光,江南,,
68,江南,745,江南精灵,精灵,江南,,
69,金龙联合,746,金龙海狮,海狮,金龙联合,商用车，删除,
69,金龙联合,747,金龙金威,金威,金龙联合,商用车，删除,
69,金龙联合,748,金龙凯歌,凯歌,金龙联合,商用车，删除,
70,九龙,749,九龙商务车,九龙商务车,九龙,商用车，删除,
71,金旅客车,753,考斯特,考斯特,金旅客车,商用车，删除,
73,凯迪拉克,756,凯迪拉克XTS,XTS,上海通用凯迪拉克,,
73,凯迪拉克,757,凯迪拉克赛威,赛威,上海通用凯迪拉克,,
73,凯迪拉克,760,凯迪拉克SRX(进口),SRX,进口凯迪拉克,,
73,凯迪拉克,761,凯迪拉克CTS(进口),CTS,进口凯迪拉克,,
73,凯迪拉克,762,凯迪拉克ATS,ATS,进口凯迪拉克,,
73,凯迪拉克,763,凯迪拉克CTS COUPE,CTS COUPE,进口凯迪拉克,,
73,凯迪拉克,764,凯迪拉克凯雷德,凯雷德,进口凯迪拉克,,
73,凯迪拉克,765,凯迪拉克CTS-V(进口),CTS-V,进口凯迪拉克,,
73,凯迪拉克,766,凯迪拉克凯雷德 Hybrid,凯雷德 Hybrid,进口凯迪拉克,,
73,凯迪拉克,767,凯迪拉克加长版,加长版,进口凯迪拉克,,
73,凯迪拉克,768,凯迪拉克XLR(进口),XLR,进口凯迪拉克,,
73,凯迪拉克,769,凯迪拉克帝威,帝威,进口凯迪拉克,,
73,凯迪拉克,770,凯迪拉克凯雷德外交官(进口),凯雷德外交官,进口凯迪拉克,,
73,凯迪拉克,772,凯迪拉克DTS(进口),DTS(进口),进口凯迪拉克,,
74,克莱斯勒,773,铂锐,铂锐,北奔克莱斯勒,,
74,克莱斯勒,774,克莱斯勒300C,300C,北奔克莱斯勒,,
74,克莱斯勒,775,大捷龙,大捷龙,东南克莱斯勒,,
74,克莱斯勒,776,克莱斯勒300C(进口),300C,进口克莱斯勒,,
74,克莱斯勒,777,城乡,城乡,进口克莱斯勒,,
74,克莱斯勒,778,PT漫步者(进口),PT漫步者,进口克莱斯勒,,
74,克莱斯勒,779,大捷龙(进口),大捷龙,进口克莱斯勒,,
74,克莱斯勒,781,辉煌(进口),辉煌,进口克莱斯勒,,
74,克莱斯勒,783,赛百灵(进口),赛百灵,进口克莱斯勒,,
75,开瑞,787,开瑞优优,优优,开瑞,,
75,开瑞,788,开瑞优雅,优雅,开瑞,,
75,开瑞,789,开瑞优劲,优劲,开瑞,,
75,开瑞,790,开瑞优胜,优胜,开瑞,,
75,开瑞,791,爱卡,爱卡,开瑞,,
75,开瑞,792,开瑞优翼,优翼,开瑞,,
75,开瑞,793,开瑞优派,优派,开瑞,,
75,开瑞,794,开瑞3,开瑞3,开瑞,,
76,科尼塞克,795,柯尼赛格CCR(进口),CCR,科尼塞克,,
76,科尼塞克,796,Agera,Agera,科尼塞克,,
77,卡尔森,797,卡尔森GL级,GL级,卡尔森,,
77,卡尔森,798,卡尔森C25,C25,卡尔森,,
77,卡尔森,799,卡尔森S级,S级,卡尔森,,
78,铃木,800,奥拓,奥拓,长安铃木,,
78,铃木,801,雨燕,雨燕,长安铃木,,
78,铃木,802,天语SX4两厢,天语SX4,长安铃木,,
78,铃木,803,羚羊,羚羊,长安铃木,,
78,铃木,804,天语SX4锐骑,天语SX4,长安铃木,,
78,铃木,805,天语SX4尚悦,天语SX4,长安铃木,,
78,铃木,806,天语SX4三厢,天语SX4,长安铃木,,
78,铃木,807,锋驭,锋驭,长安铃木,,
78,铃木,808,北斗星,北斗星,昌河铃木,,
78,铃木,809,北斗星X5,北斗星X5,昌河铃木,,
78,铃木,810,利亚纳两厢,利亚纳,昌河铃木,,
78,铃木,811,派喜,派喜,昌河铃木,,
78,铃木,812,利亚纳三厢,利亚纳,昌河铃木,,
78,铃木,813,浪迪,浪迪,昌河铃木,,
78,铃木,814,利亚纳A6三厢,利亚纳A6,昌河铃木,,
78,铃木,815,利亚纳A6两厢,利亚纳A6,昌河铃木,,
78,铃木,817,吉姆尼(进口),吉姆尼,进口铃木,,
78,铃木,818,超级维特拉(进口),维特拉,进口铃木,,
78,铃木,819,凯泽西,凯泽西,进口铃木,,
79,路虎,821,揽胜极光,揽胜极光,路虎,,
79,路虎,822,揽胜,揽胜,路虎,,
79,路虎,823,神行者2代,神行者2代,路虎,,
79,路虎,824,发现,发现,路虎,,
79,路虎,825,揽胜运动版,揽胜运动版,路虎,,
79,路虎,826,路虎卫士,路虎卫士,路虎,,
80,雷克萨斯,829,雷克萨斯ES,ES,雷克萨斯,,
80,雷克萨斯,830,雷克萨斯RX,RX,雷克萨斯,,
80,雷克萨斯,831,雷克萨斯IS,IS,雷克萨斯,,
80,雷克萨斯,832,雷克萨斯CT,CT,雷克萨斯,,
80,雷克萨斯,833,雷克萨斯GS,GS,雷克萨斯,,
80,雷克萨斯,834,雷克萨斯LX,LX,雷克萨斯,,
80,雷克萨斯,835,雷克萨斯LS,LS,雷克萨斯,,
80,雷克萨斯,836,雷克萨斯LF-A,LF-A,雷克萨斯,,
80,雷克萨斯,837,雷克萨斯GX,GX,雷克萨斯,,
80,雷克萨斯,838,雷克萨斯RC,RC,雷克萨斯,,
80,雷克萨斯,839,雷克萨斯SC(进口),SC(进口),雷克萨斯,,
81,力帆,840,力帆320,320,力帆,,
81,力帆,841,力帆X60,X60,力帆,,
81,力帆,842,力帆720,720,力帆,,
81,力帆,843,力帆620,620,力帆,,
81,力帆,844,力帆330,330,力帆,,
81,力帆,845,力帆520,520,力帆,,
81,力帆,846,力帆530,530,力帆,,
81,力帆,847,力帆520i,520i,力帆,,
81,力帆,848,力帆630,630,力帆,,
81,力帆,849,丰顺,丰顺,力帆,,
81,力帆,850,兴顺,兴顺,力帆,,
82,兰博基尼,852,Aventador,Aventador,兰博基尼,,
82,兰博基尼,853,盖拉多,盖拉多,兰博基尼,,
82,兰博基尼,854,蝙蝠(进口),蝙蝠,兰博基尼,,
83,陆风,856,陆风X5,X5,陆风,,
83,陆风,857,陆风X8,X8,陆风,,
83,陆风,858,陆风X6,X6,陆风,,
83,陆风,859,陆风X9,X9,陆风,,
83,陆风,860,陆风风尚,风尚,陆风,,
83,陆风,861,陆风风华,风华,陆风,,
83,陆风,862,陆风新饰界,新饰界,陆风,,
84,雷诺,863,科雷傲,科雷傲,雷诺,,
84,雷诺,864,风朗,风朗,雷诺,,
84,雷诺,865,纬度,纬度,雷诺,,
84,雷诺,866,梅甘娜,梅甘娜,雷诺,,
84,雷诺,867,风景,风景,雷诺,,
84,雷诺,868,塔利斯曼,塔利斯曼,雷诺,,
84,雷诺,869,拉古那,拉古那,雷诺,,
84,雷诺,873,雷诺威赛帝(进口),威赛帝,雷诺,,
85,猎豹汽车,874,猎豹CT5,CT5,猎豹皮卡,,
85,猎豹汽车,875,飞扬SUV,飞扬,猎豹皮卡,,
85,猎豹汽车,876,飞扬皮卡,飞扬,猎豹皮卡,,
85,猎豹汽车,877,飞铃皮卡,飞铃,猎豹皮卡,,
85,猎豹汽车,878,长丰DUV,DUV,猎豹皮卡,,
85,猎豹汽车,879,福铃皮卡,福铃,猎豹皮卡,,
85,猎豹汽车,882,飞铃SUV,飞铃,猎豹皮卡,,
85,猎豹汽车,883,黑金刚,黑金刚,猎豹SUV,,
85,猎豹汽车,884,飞腾,飞腾,猎豹SUV,,
85,猎豹汽车,885,猎豹6481,6481,猎豹SUV,,
85,猎豹汽车,886,猎豹CS6,CS6,猎豹SUV,,
85,猎豹汽车,887,骐菱,骐菱,猎豹SUV,,
85,猎豹汽车,890,长丰猎豹CS7,CS7,猎豹SUV,,
85,猎豹汽车,892,猎豹CFA2030,CFA2030,猎豹SUV,,
85,猎豹汽车,893,猎豹CJY6470,CJY6470,猎豹SUV,,
86,劳斯莱斯,894,幻影,幻影,劳斯莱斯,,
86,劳斯莱斯,895,古思特,古思特,劳斯莱斯,,
87,林肯,897,领航员(进口),领航员,林肯,,
87,林肯,898,林肯MKX(进口),MKX,林肯,,
87,林肯,899,林肯MKT(进口),MKT,林肯,,
87,林肯,900,林肯MKS,MKS,林肯,,
87,林肯,901,城市(进口),城市,林肯,,
87,林肯,902,林肯MKZ(进口),MKZ,林肯,,
87,林肯,904,林肯加长版(进口),林肯加长版,林肯,错误，删除,
88,莲花,906,莲花L3两厢,L3,莲花,,
88,莲花,907,莲花L5三厢,L5,莲花,,
88,莲花,908,莲花L3三厢,L3,莲花,,
88,莲花,909,L5 GTS 跑车,L5 GTS ,莲花,,
88,莲花,910,莲花L5两厢,L5,莲花,,
88,莲花,911,L3 GT,L3 GT,莲花,,
88,莲花,912,竞悦,竞悦,莲花,,
88,莲花,913,竞速,竞速,进口莲花(进口),,
88,莲花,914,竞悦(进口),竞悦,进口莲花(进口),,
89,理念,915,理念S1,理念S1,理念,,
90,路特斯,916,路特斯Elise,Elise,路特斯,,
90,路特斯,917,路特斯Evora,Evora,路特斯,,
90,路特斯,918,路特斯Exige,Exige,路特斯,,
91,蓝海房车,919,威霆国宾,威霆,蓝海房车,,
92,马自达,920,马自达CX-5,CX-5,长安马自达,,
92,马自达,921,马自达3,马自达3,长安马自达,,
92,马自达,922,马自达3星骋三厢,星骋,长安马自达,,
92,马自达,923,马自达2,马自达2,长安马自达,,
92,马自达,924,马自达3星骋两厢,星骋,长安马自达,,
92,马自达,926,马自达6,马自达6,一汽马自达,,
92,马自达,927,睿翼,睿翼,一汽马自达,,
92,马自达,928,睿翼轿跑,睿翼,一汽马自达,,
92,马自达,929,马自达8,马自达8,一汽马自达,,
92,马自达,930,马自达CX-7,CX-7,一汽马自达,,
92,马自达,931,马自达6轿跑车,马自达6,一汽马自达,,
92,马自达,932,马自达6 Wagon,马自达6 ,一汽马自达,,
92,马自达,933,ATENZA,ATENZA,进口马自达,,
92,马自达,934,马自达5,马自达5,进口马自达,,
92,马自达,935,马自达CX-7(进口),CX-7,进口马自达,,
92,马自达,936,马自达CX-5(进口),CX-5,进口马自达,,
92,马自达,937,马自达MX-5,MX-5,进口马自达,,
92,马自达,938,马自达CX-9,CX-9,进口马自达,,
92,马自达,939,马自达3两厢(进口),马自达3,进口马自达,,
92,马自达,940,mazda RX-8(进口),mazda RX-8,进口马自达,,
92,马自达,941,Mazda6(进口),Mazda6,进口马自达,,
93,MG,944,MG3,MG3,MG,,
93,MG,945,MG6两厢,MG6,MG,,
93,MG,946,MG5,MG5,MG,,
93,MG,947,MG6三厢,MG6,MG,,
93,MG,948,MG3SW,MG3SW,MG,,
93,MG,949,MG7,MG7,MG,,
93,MG,950,MG TF,MG TF,MG,,
94,MINI,951,MINI,MINI,进口MINI,,
94,MINI,952,CLUBMAN,CLUBMAN,进口MINI,,
94,MINI,953,COUNTRYMAN,COUNTRYMAN,进口MINI,,
94,MINI,954,ROADSTER,ROADSTER,进口MINI,,
94,MINI,955,COUPE,COUPE,进口MINI,,
94,MINI,956,PACEMAN,PACEMAN,进口MINI,,
94,MINI,957,CABRIO,CABRIO,进口MINI,,
94,MINI,958,COUNTRYMAN JCW,COUNTRYMAN JCW,进口MINI JCW,,
94,MINI,959,PACEMAN JCW,PACEMAN JCW,进口MINI JCW,,
94,MINI,960,CLUBMAN JCW,CLUBMAN JCW,进口MINI JCW,,
94,MINI,961,COUPE JCW,COUPE JCW,进口MINI JCW,,
94,MINI,962,MINI JCW,JCW,进口MINI JCW,,
95,迈巴赫,963,迈巴赫62,62,迈巴赫,,
95,迈巴赫,964,迈巴赫62S,62S,迈巴赫,,
95,迈巴赫,965,迈巴赫57,57,迈巴赫,,
95,迈巴赫,966,迈巴赫57S,57S,迈巴赫,,
96,玛莎拉蒂,967,玛莎拉蒂总裁,总裁,玛莎拉蒂,,
96,玛莎拉蒂,968,玛莎拉蒂GT,GT,玛莎拉蒂,,
96,玛莎拉蒂,969,玛莎拉蒂GC,GC,玛莎拉蒂,,
96,玛莎拉蒂,970,玛莎拉蒂Ghibli,Ghibli,玛莎拉蒂,,
97,迈凯伦,974,迈凯伦MP4-12C,MP4-12C,迈凯伦,,
98,摩根,976,摩根plus 8,plus 8,摩根,,
98,摩根,977,摩根Roadster,Roadster,摩根,,
99,美亚,978,奇兵,奇兵,美亚,,
99,美亚,979,美亚奇骏,奇骏,美亚,,
99,美亚,981,陆程,陆程,美亚,,
100,纳智捷,985,纳智捷5 Sedan,5 Sedan,纳智捷,,
100,纳智捷,986,大7 SUV,大7 SUV,纳智捷,,
100,纳智捷,987,大7 MPV,大7 MPV,纳智捷,,
100,纳智捷,988,MASTER CEO,MASTER CEO,纳智捷,,
100,纳智捷,989,纳智捷U6 TURBO,U6 TURBO,纳智捷,,
101,讴歌,990,讴歌MDX,MDX,讴歌,,
101,讴歌,991,讴歌RDX,RDX,讴歌,,
101,讴歌,992,讴歌ILX,ILX,讴歌,,
101,讴歌,993,讴歌ZDX,ZDX,讴歌,,
101,讴歌,994,讴歌RL,RL,讴歌,,
101,讴歌,995,讴歌TL,TL,讴歌,,
101,讴歌,996,讴歌RLX,RLX,讴歌,,
102,欧宝,998,安德拉,安德拉,欧宝,,
102,欧宝,999,麦瑞纳,麦瑞纳,欧宝,,
102,欧宝,1000,英速亚,英速亚,欧宝,,
102,欧宝,1001,赛飞利,赛飞利,欧宝,,
102,欧宝,1004,威达(进口),威达,欧宝,,
102,欧宝,1005,雅特(进口),雅特,欧宝,,
102,欧宝,1006,欧捷利(进口),欧捷利,欧宝,,
103,欧朗,1010,欧朗,欧朗,欧朗,,
104,起亚,1011,起亚K3,K3,东风悦达起亚,,
104,起亚,1012,起亚K2三厢,K2,东风悦达起亚,,
104,起亚,1013,起亚K5,K5,东风悦达起亚,,
104,起亚,1014,智跑,智跑,东风悦达起亚,,
104,起亚,1015,狮跑,狮跑,东风悦达起亚,,
104,起亚,1016,福瑞迪三厢,福瑞迪,东风悦达起亚,,
104,起亚,1017,赛拉图,赛拉图,东风悦达起亚,,
104,起亚,1018,起亚K2两厢,K2,东风悦达起亚,,
104,起亚,1019,秀尔,秀尔,东风悦达起亚,,
104,起亚,1020,锐欧,锐欧,东风悦达起亚,,
104,起亚,1021,千里马,千里马,东风悦达起亚,,
104,起亚,1022,远舰,远舰,东风悦达起亚,,
104,起亚,1023,嘉华,嘉华,东风悦达起亚,,
104,起亚,1024,普莱特,普莱特,东风悦达起亚,,
104,起亚,1026,索兰托,索兰托,进口起亚,,
104,起亚,1027,新佳乐,新佳乐,进口起亚,,
104,起亚,1028,凯尊,凯尊,进口起亚,,
104,起亚,1029,K5(进口),K5,进口起亚,,
104,起亚,1030,霸锐,霸锐,进口起亚,,
104,起亚,1031,速迈,速迈,进口起亚,,
104,起亚,1032,起亚VQ,VQ,进口起亚,,
104,起亚,1033,狮跑(进口),狮跑,进口起亚,,
104,起亚,1034,欧菲莱斯(进口),欧菲莱斯,进口起亚,,
104,起亚,1035,起亚嘉华(进口),嘉华,进口起亚,,
105,奇瑞,1036,奇瑞QQ,QQ,奇瑞,,
105,奇瑞,1037,瑞虎,瑞虎,奇瑞,,
105,奇瑞,1038,奇瑞E3,奇瑞E3,奇瑞,,
105,奇瑞,1039,艾瑞泽7,艾瑞泽7,奇瑞,,
105,奇瑞,1040,奇瑞E5,E5,奇瑞,,
105,奇瑞,1041,风云2两厢,风云2,奇瑞,,
105,奇瑞,1042,风云2三厢,风云2,奇瑞,,
105,奇瑞,1043,奇瑞A3三厢,A3,奇瑞,,
105,奇瑞,1044,旗云2,旗云2,奇瑞,,
105,奇瑞,1045,旗云1,旗云1,奇瑞,,
105,奇瑞,1046,奇瑞A3两厢,A3,奇瑞,,
105,奇瑞,1047,奇瑞A1,A1,奇瑞,,
105,奇瑞,1048,东方之子,东方之子,奇瑞,,
105,奇瑞,1049,旗云5,旗云5,奇瑞,,
105,奇瑞,1050,旗云3,瑞旗云3,奇瑞,,
105,奇瑞,1051,奇瑞QQme,QQme,奇瑞,,
105,奇瑞,1052,瑞虎5,瑞虎5,奇瑞,,
105,奇瑞,1053,奇瑞A5,A5,奇瑞,,
105,奇瑞,1054,奇瑞QQ6,QQ6,奇瑞,,
105,奇瑞,1055,旗云,旗云,奇瑞,,
105,奇瑞,1056,风云,风云,奇瑞,,
105,奇瑞,1057,东方之子CROSS,东方之子CROSS,奇瑞,,
106,启辰,1058,启辰D50,D50,启辰,,
106,启辰,1059,启辰R50X,R50X,启辰,,
106,启辰,1060,启辰R50,R50,启辰,,
106,启辰,1061,e30,e30,启辰,,
107,庆铃,1062,庆铃轻型商用车,庆铃轻型商用车,庆铃,商用车，删除,
107,庆铃,1063,庆铃重型商用车,庆铃重型商用车,庆铃,商用车，删除,
107,庆铃,1064,庆铃中型商用车,庆铃中型商用车,庆铃,商用车，删除,
107,庆铃,1065,庆铃多功能车,庆铃多功能车,庆铃,商用车，删除,
108,日产,1066,轩逸,轩逸,东风日产,,
108,日产,1067,逍客,逍客,东风日产,,
108,日产,1068,天籁,天籁,东风日产,,
108,日产,1069,骊威,骊威,东风日产,,
108,日产,1070,阳光,阳光,东风日产,,
108,日产,1071,骐达,骐达,东风日产,,
108,日产,1072,奇骏,奇骏,东风日产,,
108,日产,1073,玛驰,玛驰,东风日产,,
108,日产,1074,楼兰,楼兰,东风日产,,
108,日产,1075,蓝鸟,蓝鸟,东风日产,,
108,日产,1076,颐达,颐达,东风日产,,
108,日产,1077,骏逸,骏逸,东风日产,,
108,日产,1078,郑州日产NV200,NV200,郑州日产,,
108,日产,1079,帕拉丁,帕拉丁,郑州日产,,
108,日产,1080,郑州日产D22皮卡,D22皮卡,郑州日产,,
108,日产,1081,凯普斯达,凯普斯达,郑州日产,商用车，删除,
108,日产,1082,D22厢式车,D22厢式车,郑州日产,,
108,日产,1083,日产GT-R,GT-R,进口日产,,
108,日产,1084,途乐,途乐,进口日产,,
108,日产,1085,日产370Z,370Z,进口日产,,
108,日产,1086,贵士,贵士,进口日产,,
108,日产,1087,碧莲,碧莲,进口日产,商用车，删除,
108,日产,1088,日产Juke,Juke,进口日产,,
108,日产,1092,日产350Z(进口),350Z,进口日产,,
108,日产,1093,日产风度(进口),风度,进口日产,,
108,日产,1094,日产风雅(进口),风雅,进口日产,,
108,日产,1095,日产奇骏(进口),奇骏,进口日产,,
108,日产,1096,日产美仑奴(进口),美仑奴,进口日产,,
109,荣威,1098,荣威350,350,荣威,,
109,荣威,1099,荣威550,550,荣威,,
109,荣威,1100,荣威W5,W5,荣威,,
109,荣威,1101,荣威950,950,荣威,,
109,荣威,1102,荣威750,750,荣威,,
109,荣威,1103,荣威E50,E50,荣威,,
110,瑞麒,1104,瑞麒X1,X1,瑞麒,,
110,瑞麒,1105,瑞麒M1,M1,瑞麒,,
110,瑞麒,1106,瑞麒G5,G5,瑞麒,,
110,瑞麒,1107,瑞麒G3,G3,瑞麒,,
110,瑞麒,1108,瑞麒G6,G6,瑞麒,,
110,瑞麒,1109,瑞麒M5,M5,瑞麒,,
110,瑞麒,1110,瑞麒2,瑞麒2,瑞麒,,
111,三菱,1111,帕杰罗速跑,帕杰罗速跑,北奔三菱,,
111,三菱,1112,欧蓝德,欧蓝德,北奔三菱,,
111,三菱,1113,三菱翼神,翼神,东南三菱,,
111,三菱,1114,蓝瑟,蓝瑟,东南三菱,,
111,三菱,1115,风迪思,风迪思,东南三菱,,
111,三菱,1116,君阁,君阁,东南三菱,,
111,三菱,1117,戈蓝,戈蓝,东南三菱,,
111,三菱,1118,菱绅,菱绅,东南三菱,,
111,三菱,1119,新劲炫ASX,新劲炫ASX,广汽三菱,,
111,三菱,1120,帕杰罗·劲畅,帕杰罗·劲畅,广汽三菱,,
111,三菱,1121,帕杰罗,帕杰罗,广汽三菱,,
111,三菱,1122,欧蓝德(进口),欧蓝德,进口三菱,,
111,三菱,1123,帕杰罗(进口),帕杰罗,进口三菱,,
111,三菱,1124,劲炫(进口),劲炫,进口三菱,,
111,三菱,1125,蓝瑟 翼豪陆神(进口),蓝瑟,进口三菱,,
111,三菱,1126,帕杰罗劲畅(进口),帕杰罗劲畅,进口三菱,,
111,三菱,1127,伊柯丽斯(进口),伊柯丽斯,进口三菱,,
111,三菱,1128,蓝瑟 EX(进口),蓝瑟 EX,进口三菱,,
111,三菱,1129,格蓝迪(进口),格蓝迪,进口三菱,,
111,三菱,1130,蓝瑟(进口),蓝瑟,进口三菱,,
112,斯柯达,1132,明锐,明锐,上海大众斯柯达,,
112,斯柯达,1133,昕锐,昕锐,上海大众斯柯达,,
112,斯柯达,1134,昊锐,昊锐,上海大众斯柯达,,
112,斯柯达,1135,斯柯达野帝(Yeti),野帝(Yeti),上海大众斯柯达,,
112,斯柯达,1136,晶锐,晶锐,上海大众斯柯达,,
112,斯柯达,1137,速派,速派,上海大众斯柯达,,
112,斯柯达,1138,明锐RS,明锐RS,上海大众斯柯达,,
112,斯柯达,1139,Yeti,Yeti,进口斯柯达,,
112,斯柯达,1140,速派(进口),速派,进口斯柯达,,
112,斯柯达,1141,Superb Combi,Superb Combi,进口斯柯达,,
113,斯巴鲁,1143,森林人,森林人,斯巴鲁,,
113,斯巴鲁,1144,斯巴鲁XV,XV,斯巴鲁,,
113,斯巴鲁,1145,斯巴鲁BRZ,BRZ,斯巴鲁,,
113,斯巴鲁,1146,傲虎(进口),傲虎,斯巴鲁,,
113,斯巴鲁,1147,翼豹(进口),翼豹,斯巴鲁,,
113,斯巴鲁,1149,力狮(进口),力狮,斯巴鲁,,
113,斯巴鲁,1150,驰鹏(进口),驰鹏,斯巴鲁,,
114,双龙,1151,柯兰多(进口),柯兰多,双龙,,
114,双龙,1152,爱腾(进口),爱腾,双龙,,
114,双龙,1153,雷斯特W,雷斯特W,双龙,,
114,双龙,1154,主席(进口),主席,双龙,,
114,双龙,1155,雷斯特II(进口),雷斯特II,双龙,,
114,双龙,1156,路帝(进口),路帝,双龙,,
114,双龙,1157,享御(进口),享御,双龙,,
114,双龙,1158,双龙雷斯特(进口),雷斯特,双龙,,
115,绅宝,1159,绅宝D70,D70,绅宝D70,,
116,Smart,1160,Fortwo(进口),Fortwo,Smart,,
116,Smart,1163,精灵纯洁(进口),精灵纯洁,Smart,,
117,双环,1164,小贵族,小贵族,双环,,
117,双环,1165,双环SCEO,SCEO,双环,,
117,双环,1166,来宝S-RV,来宝S-RV,双环,,
117,双环,1167,来旺,来旺,双环,,
118,世爵,1168,世爵C8(进口),C8,世爵,,
119,泰赫雅特,1169,MAGNUM,MAGNUM,泰赫雅特,,
119,泰赫雅特,1170,Grand GT,Grand GT,泰赫雅特,,
120,TESLA,1171,Model S,Model S,TESLA,,
121,五菱,1174,五菱宏光,宏光,五菱,,
121,五菱,1175,五菱之光,五菱之光,五菱,,
121,五菱,1176,五菱荣光,五菱荣光,五菱,,
121,五菱,1177,五菱鸿途,鸿途,五菱,,
121,五菱,1178,五菱兴旺,兴旺,五菱,,
121,五菱,1179,五菱小旋风,小旋风,五菱,,
121,五菱,1180,五菱扬光,扬光,五菱,,
122,沃尔沃,1181,长安沃尔沃S80L,沃尔沃S80L,长安沃尔沃,,
122,沃尔沃,1182,长安沃尔沃S40,沃尔沃S40,长安沃尔沃,,
122,沃尔沃,1183,沃尔沃XC60(进口),XC60,进口沃尔沃,,
122,沃尔沃,1184,沃尔沃S60(进口),S60,进口沃尔沃,,
122,沃尔沃,1185,沃尔沃V40,V40,进口沃尔沃,,
122,沃尔沃,1186,沃尔沃C30(进口),C30,进口沃尔沃,,
122,沃尔沃,1187,沃尔沃V60,V60,进口沃尔沃,,
122,沃尔沃,1188,沃尔沃XC90(进口),XC90,进口沃尔沃,,
122,沃尔沃,1189,沃尔沃 C70(进口),C70,进口沃尔沃,,
122,沃尔沃,1190,沃尔沃S80(进口),S80,进口沃尔沃,,
122,沃尔沃,1192,S40(进口),S40,进口沃尔沃,,
123,威麟,1193,威麟V5,V5,威麟,商用车，删除,
123,威麟,1194,威麟X5,X5,威麟,商用车，删除,
123,威麟,1195,威麟H5,H5,威麟,商用车，删除,
123,威麟,1196,威麟H3,H3,威麟,商用车，删除,
124,威兹曼,1198,威兹曼Roadster,Roadster,威兹曼,,
124,威兹曼,1199,威兹曼GT,GT,威兹曼,,
125,现代,1200,朗动,朗动,北京现代,,
125,现代,1201,北京现代ix35,ix35,北京现代,,
125,现代,1202,瑞纳三厢,瑞纳,北京现代,,
125,现代,1203,索纳塔,索纳塔,北京现代,,
125,现代,1204,悦动,悦动,北京现代,,
125,现代,1205,全新胜达,胜达,北京现代,,
125,现代,1206,途胜,途胜,北京现代,,
125,现代,1207,伊兰特,伊兰特,北京现代,,
125,现代,1208,瑞纳两厢,瑞纳,北京现代,,
125,现代,1209,北京现代i30,i30,北京现代,,
125,现代,1210,名驭,名驭,北京现代,,
125,现代,1211,MISTRA名图,MISTRA名图,北京现代,,
125,现代,1213,雅绅特,雅绅特,北京现代,,
125,现代,1214,领翔,领翔,北京现代,,
125,现代,1215,御翔,御翔,北京现代,,
125,现代,1216,伊兰特两厢,伊兰特,北京现代,,
125,现代,1218,劳恩斯coupe,劳恩斯coupe,进口现代,,
125,现代,1219,全新胜达(进口),全新胜达,进口现代,,
125,现代,1220,飞思,飞思,进口现代,,
125,现代,1221,格锐,格锐,进口现代,,
125,现代,1222,雅尊,雅尊,进口现代,,
125,现代,1223,雅科仕,雅科仕,进口现代,,
125,现代,1224,劳恩斯,劳恩斯,进口现代,,
125,现代,1225,维拉克斯,维拉克斯,进口现代,,
125,现代,1226,辉翼,辉翼,进口现代,,
125,现代,1227,索纳塔(进口),索纳塔,进口现代,,
125,现代,1230,酷派(进口),酷派,进口现代,,
125,现代,1233,现代美佳(进口),美佳,进口现代,,
125,现代,1234,世纪(进口),世纪,进口现代,,
126,雪佛兰,1236,雪佛兰开拓者,开拓者,金杯通用雪佛兰,,
126,雪佛兰,1237,科鲁兹三厢,科鲁兹,上海通用雪佛兰,,
126,雪佛兰,1238,赛欧三厢,赛欧,上海通用雪佛兰,,
126,雪佛兰,1239,迈锐宝,迈锐宝,上海通用雪佛兰,,
126,雪佛兰,1240,科帕奇,科帕奇,上海通用雪佛兰,,
126,雪佛兰,1241,爱唯欧三厢,爱唯欧,上海通用雪佛兰,,
126,雪佛兰,1242,科鲁兹掀背,科鲁兹掀背,上海通用雪佛兰,,
126,雪佛兰,1243,赛欧两厢,赛欧两厢,上海通用雪佛兰,,
126,雪佛兰,1244,景程,景程,上海通用雪佛兰,,
126,雪佛兰,1245,爱唯欧两厢,爱唯欧,上海通用雪佛兰,,
126,雪佛兰,1248,乐风,乐风,上海通用雪佛兰,,
126,雪佛兰,1249,乐骋,乐骋,上海通用雪佛兰,,
126,雪佛兰,1250,赛欧SRV,赛欧SRV,上海通用雪佛兰,,
126,雪佛兰,1251,科迈罗,科迈罗,进口雪佛兰,,
126,雪佛兰,1252,沃蓝达,沃蓝达,进口雪佛兰,,
126,雪佛兰,1253,科帕奇(进口),科帕奇,进口雪佛兰,,
126,雪佛兰,1254,科尔维特,科尔维特,进口雪佛兰,,
126,雪佛兰,1255,斯帕可,斯帕可,进口雪佛兰,,
126,雪佛兰,1256,雪佛兰(进口),雪佛兰(进口),进口雪佛兰,此项无具体车型，删除,
126,雪佛兰,1257,雪佛兰EXPRESS(进口),EXPRESS,进口雪佛兰,,
127,雪铁龙,1259,世嘉三厢,三厢,东风雪铁龙,,
127,雪铁龙,1260,雪铁龙C4 L,C4 L,东风雪铁龙,,
127,雪铁龙,1261,雪铁龙C5,C5,东风雪铁龙,,
127,雪铁龙,1262,雪铁龙C2,C2,东风雪铁龙,,
127,雪铁龙,1263,爱丽舍,爱丽舍,东风雪铁龙,,
127,雪铁龙,1264,世嘉两厢,世嘉,东风雪铁龙,,
127,雪铁龙,1265,萨拉-毕加索,毕加索,东风雪铁龙,,
127,雪铁龙,1266,富康,富康,东风雪铁龙,,
127,雪铁龙,1267,凯旋,凯旋,东风雪铁龙,,
127,雪铁龙,1268,赛纳,赛纳,东风雪铁龙,,
127,雪铁龙,1270,C4 AIRCROSS,C4,进口雪铁龙,,
127,雪铁龙,1271,C4毕加索,C4,进口雪铁龙,,
127,雪铁龙,1273,雪铁龙C6,C6,进口雪铁龙,,
127,雪铁龙,1274,雪铁龙C5(进口),C5,进口雪铁龙,,
127,雪铁龙,1275,雪铁龙C4,C4,进口雪铁龙,,
128,西雅特,1276,伊比飒,伊比飒,西雅特,,
128,西雅特,1277,LEON,LEON,西雅特,,
128,西雅特,1278,欧悦搏,欧悦搏,西雅特,,
129,星客特,1279,林肯MKT,MKT,星客特,商用车，删除,
129,星客特,1280,福特F系列,F系列,星客特,,
129,星客特,1288,丰田红杉,红杉,星客特,,
130,新凯,1292,新凯SUV,新凯SUV,新凯,,
130,新凯,1293,新凯皮卡,新凯皮卡,新凯,,
130,新凯,1294,新凯SRV,SRV,新凯,,
130,新凯,1295,锐达,锐达,新凯,,
155,夏利,1297,夏利N7,N7,天津一汽,,
155,夏利,1298,夏利N5,N5,天津一汽,,
155,夏利,1299,夏利N3+三厢,N3,天津一汽,,
155,夏利,1300,夏利N3,N3,天津一汽,,
131,一汽,1301,威志V5,V5,天津一汽,,
155,夏利,1302,夏利A+,A+,天津一汽,,
131,一汽,1303,威志V2,V2,天津一汽,,
131,一汽,1304,威志三厢,威志,天津一汽,,
155,夏利,1305,夏利N3+两厢,N3,天津一汽,,
131,一汽,1306,威乐,威乐,天津一汽,,
131,一汽,1307,威姿,威姿,天津一汽,,
155,夏利,1309,夏利,夏利,天津一汽,,
131,一汽,1310,威志两厢,威志,天津一汽,,
155,夏利,1311,夏利2000,夏利,天津一汽,,
131,一汽,1313,一汽佳星幸福使者,幸福使者,一汽华利,,
131,一汽,1314,森雅M80,M80,一汽吉林,,
131,一汽,1315,森雅S80,S80,一汽吉林,,
131,一汽,1316,佳宝,佳宝,一汽吉林,,
131,一汽,1317,一汽奥星,奥星,一汽吉林,,
131,一汽,1318,森雅,森雅,一汽吉林大发,,
131,一汽,1319,自由风,自由风,一汽轻型汽车,,
131,一汽,1320,坤程,坤程,一汽通用,,
132,英菲尼迪,1321,英菲尼迪QX50,QX50,英菲尼迪,,
132,英菲尼迪,1322,英菲尼迪G,G系,英菲尼迪,,
132,英菲尼迪,1323,英菲尼迪QX70,QX70,英菲尼迪,,
132,英菲尼迪,1324,英菲尼迪JX35(QX60),JX35(QX60),英菲尼迪,,
132,英菲尼迪,1325,英菲尼迪QX80,QX80,英菲尼迪,,
132,英菲尼迪,1326,英菲尼迪Q70L,Q70L,英菲尼迪,,
132,英菲尼迪,1327,英菲尼迪Q60,Q60,英菲尼迪,,
132,英菲尼迪,1328,英菲尼迪Q60S,Q60S,英菲尼迪,,
133,野马汽车,1331,野马F12,F12,野马汽车,,
133,野马汽车,1332,野马F10,F10,野马汽车,,
133,野马汽车,1333,野马F99,F99,野马汽车,,
134,永源,1334,永源A380,A380,永源,,
134,永源,1335,风景线,风景线,永源,,
134,永源,1336,猎鹰,猎鹰,永源,,
134,永源,1337,五星,五星,永源,,
134,永源,1338,庄威,庄威,永源,,
135,依维柯,1339,得意 Turbo Daily,得意 Turbo Daily,依维柯,商用车，删除,
135,依维柯,1340,宝迪 Power Daily,宝迪 Power Daily,依维柯,商用车，删除,
135,依维柯,1344,Daily,Daily,依维柯,商用车，删除,
135,依维柯,1345,康果,康果,依维柯,商用车，删除,
136,扬州亚星客车,1346,亚星客车,亚星客车,扬州亚星客车,商用车，删除,
137,中华,1347,中华H530,H530,中华,,
137,中华,1348,中华H230,H230,中华,,
137,中华,1349,中华V5,V5,中华,,
137,中华,1350,中华H330,H330,中华,,
137,中华,1351,骏捷,骏捷,中华,,
137,中华,1352,骏捷FRV,骏捷FRV,中华,,
137,中华,1353,中华H320,H320,中华,,
137,中华,1354,骏捷FSV,FSV,中华,,
137,中华,1355,酷宝,酷宝,中华,,
137,中华,1356,骏捷Cross,Cross,中华,,
137,中华,1357,尊驰,尊驰,中华,,
137,中华,1358,骏捷Wagon,Wagon,中华,,
137,中华,1359,中华,中华,中华,此项无具体车型，删除,
138,众泰,1360,众泰Z300,Z300,众泰,,
138,众泰,1361,众泰5008,5008,众泰,,
138,众泰,1362,江南TT,TT,众泰,,
138,众泰,1363,众泰T200,T200,众泰,,
138,众泰,1364,众泰Z100,Z100,众泰,,
138,众泰,1365,众泰2008,2008,众泰,,
138,众泰,1366,众泰Z200,Z200,众泰,,
138,众泰,1367,众泰M300,M300,众泰,,
138,众泰,1368,众泰Z200HB,Z200HB,众泰,,
138,众泰,1369,众泰V10,V10,众泰,,
139,中兴,1370,无限,无限,中兴,,
139,中兴,1371,威虎TUV,威虎TUV,中兴,,
139,中兴,1372,旗舰,旗舰,中兴,,
139,中兴,1373,威虎G3,威虎G3,中兴,,
139,中兴,1374,长铃皮卡,长铃皮卡,中兴,,
139,中兴,1375,中兴C3,C3,中兴,,
139,中兴,1377,中兴福星SUV,福星SUV,中兴,,
140,中欧,1381,奔驰房车,奔驰房车,中欧,此项无具体车系，删除,
142,大迪汽车,2155,大迪霸道SUV,霸道SUV,大迪汽车,,
142,大迪汽车,2156,都市骏马SUV,都市骏马SUV,大迪汽车,,
142,大迪汽车,2157,都市威菱SUV,都市威菱SUV,大迪汽车,,
143,吉利,2159,美人豹,美人豹,吉利,,
143,吉利,2160,中国龙,中国龙,吉利,,
143,吉利,2161,豪情,豪情,吉利,,
143,吉利,2162,优利欧,优利欧,吉利,,
143,吉利,2163,美日之星,美日之星,吉利,,
144,宝龙,2164,天马座,天马座,宝龙,,
144,宝龙,2165,菱麒,菱麒,宝龙,,
144,宝龙,2166,菱惠,菱惠,宝龙,,
144,宝龙,2167,菱骏,菱骏,宝龙,,
145,悍马,2168,悍马H2(进口),H2,悍马,,
145,悍马,2169,悍马加长版(进口),悍马加长版(进口),悍马,此项无具体车系，删除,
145,悍马,2170,悍马H3(进口),H3,悍马,,
145,悍马,2171,悍马H600(进口),H600,悍马,,
145,悍马,2172,悍马悍霸,悍霸,悍马,,
145,悍马,2173,悍马H200(进口),H200,悍马,,
146,华普,2174,海域,海域,华普,,
146,华普,2175,海尚,海尚,华普,,
146,华普,2176,海迅,海迅,华普,,
146,华普,2177,海锋,海锋,华普,,
146,华普,2178,海悦,海悦,华普,,
147,华翔富奇,2179,驭虎,驭虎,华翔富奇,,
148,新雅途,2180,新雅途,新雅途,新雅途,,
148,新雅途,2181,英格尔,英格尔,新雅途,,
149,萨博,2182,萨博9-3(进口),萨博9-3,萨博,,
149,萨博,2183,萨博9-5(进口),萨博9-5,萨博,,
150,天马,2184,英雄,英雄,天马,,
150,天马,2186,风锐,风锐,天马,,
151,新大地,2190,源动力,源动力,新大地,,
151,新大地,2191,魔兽,魔兽,新大地,,
152,中客华北,2192,腾狮,腾狮,中客华北,,
152,中客华北,2193,华北醒狮,醒狮,中客华北,,
152,中客华北,2194,超赛,超赛,中客华北,,
35,福特,2196,翼虎/Kuga(进口),翼虎/Kuga,进口福特,,
132,英菲尼迪,2198,英菲尼迪EX,EX,英菲尼迪,,
132,英菲尼迪,2201,英菲尼迪FX,FX,英菲尼迪,,
132,英菲尼迪,2202,英菲尼迪M,M系,英菲尼迪,,
126,雪佛兰,2203,乐驰,乐驰,上汽通用五菱,,
146,华普,2204,朗风,朗风,朗风,,
154,中顺,2205,中顺世纪,中顺世纪,中顺世纪,无具体车系，删除,
146,华普,2206,杰士达美鹿,杰士达美鹿,华普汽车,,
135,依维柯,2207,都灵V,都灵V,南京依维柯,商用车，删除,
105,奇瑞,2208,奇瑞X1,X1,奇瑞,,
17,北汽威旺,2209,北汽威旺307,307,北汽威旺,,
37,菲亚特,2210,Ottimo致悦,Ottimo致悦,广汽菲亚特,,
57,海格,2211,御骏,御骏,苏州金龙,商用车，删除,
51,海马,2212,海马M8,M8,海马汽车,,
61,Jeep,2213,自由光,自由光,Jeep,,
86,劳斯莱斯,2214,魅影,魅影,劳斯莱斯,,
78,铃木,2215,速翼特,速翼特,铃木(进口),,
98,摩根,2216,摩根Aero,Aero,摩根,,
112,斯柯达,2217,速尊,速尊,斯柯达(进口),,
122,沃尔沃,2218,沃尔沃S60L,S60L,沃尔沃亚太,,
138,众泰,2219,众泰T600,T600,众泰汽车,,
1,奥迪,2220,奥迪SQ5,SQ5,进口奥迪,,
146,华普,2221,海景,海景,华普汽车,,
127,雪铁龙,2222,雪铁龙C3,C3,进口雪铁龙,,
53,红旗,2223,红旗,红旗,红旗,,
150,天马,2224,风驰,风驰,天马汽车,,
137,中华,2225,中华H220 ,H220 ,华晨中华,,
125,现代,2226,瑞奕,瑞奕,北京现代,,
62,吉利全球鹰,2227,熊猫CROSS,CROSS,吉利熊猫CROSS,,
22,长城,2228,嘉誉,嘉誉,长城汽车,,
9,奔驰,2229,奔驰CLA级,CLA级,进口奔驰,,
126,雪佛兰,2230,创酷,创酷,上海通用雪佛兰,,
5,本田,2231,飞度（进口）,飞度,进口本田,,
9,奔驰,2232,劳伦士,劳伦士,进口奔驰,,
9,奔驰,2233,斯宾特Sprinter,Sprinter,进口奔驰,,
156,北汽幻速,2234,幻速S3,幻速S3,北汽银翔,,
105,奇瑞,2235,瑞虎3,瑞虎3,奇瑞,,
108,日产,2236,日产ZN6493,ZN6493,郑州日产,,
108,日产,2237,日产ZN6494,ZN6494,郑州日产,,
51,海马,2239,海马S5,S5,海马汽车,,
51,海马,2240,福美来M5,福美来M5,海马汽车,,
64,捷豹,2241,捷豹X-TYPE(进口),X-TYPE,捷豹,,
132,英菲尼迪,2242,英菲尼迪Q50,Q50,英菲尼迪,,
156,北汽幻速,2243,幻速S2,幻速S2,北汽银翔,,
81,力帆,2244,力帆T11,力帆T11,力帆汽车,,
81,力帆,2245,福顺,福顺,力帆汽车,,
21,长安轿车,2246,长安V5,长安V5,长安跨越,,
14,北汽制造,2247,锐铃,锐铃,北京汽车制造厂,,
45,广汽吉奥,2248,帅驰,帅驰,广汽吉奥,,
92,马自达,2249,Mazda3 Axela昂克赛拉两厢,昂克赛拉,长安马自达,,
92,马自达,2250,Mazda3 Axela昂克赛拉三厢,昂克赛拉,长安马自达,,
31,DS,2252,DS 5LS,DS 5LS,长安DS,,
28,东风小康,2254,风光330,风光330,风光330,,
28,东风小康,2255,东风小康C36,C36,东风小康C36,,
26,东风风行,2256,景逸X3,景逸X3,景逸X3,,
36,丰田,2257,雷凌,雷凌,广汽丰田,,
11,保时捷,2258,保时捷Macan,Macan,保时捷Macan,,
82,兰博基尼,2259,Huracan,Huracan,Huracan,,
50,哈弗,2260,哈弗H2,H2,哈弗,,
25,大众,2261,凯路威,凯路威,凯路威,,
9,奔驰,2262,奔驰CLA级AMG,CLA级AMG,进口奔驰AMG,,
9,奔驰,2263,奔驰A级AMG,A级AMG,进口奔驰AMG,,
15,宝骏,2264,宝骏610,610,宝骏610,,
45,广汽吉奥,2265,吉奥E美,E美,吉奥E美,,
107,庆铃,2266,庆铃皮卡,庆铃皮卡,庆铃皮卡,无具体车系，删除,
112,斯柯达,2267,昕动,昕动,上海大众斯柯达,,
130,新凯,2268,威霆122,威霆122,威霆122,,
10,标致,2269,标致2008,2008,东风标致,,
85,猎豹汽车,2270,猎豹Q6,Q6,猎豹SUV,,
92,马自达,2271,阿特兹,阿特兹,一汽马自达,,
34,大通,2272,上汽MAXUS大通G10,G10,上汽MAXUS大通G10,,
103,欧朗,2273,欧朗两厢,欧朗,欧朗两厢,,
122,沃尔沃,2274,沃尔沃V40 Cross Country,V40 Cross Country,沃尔沃V40 Cross Country,,
85,猎豹汽车,2275,飞腾C5,飞腾C5,猎豹SUV,,
39,福田,2276,新风景G7,风景G7,新风景G7,华北醒狮,
115,绅宝,2277,绅宝D50,绅宝D50,绅宝D50,,
46,观致汽车,2278,观致3 五门版,观致3,观致3 五门版,,
104,起亚,2279,起亚K3S,K3S,东风悦达起亚,,
104,起亚,2280,赛拉图欧风,赛拉图,东风悦达起亚,,
97,迈凯伦,2281,迈凯伦650S,650S,迈凯伦650S,,
67,金杯,2282,新海狮,新海狮,华晨金杯,,
22,长城,2283,风骏6,风骏6,风骏6,,
3,阿尔法·罗密欧,2284,156,156,156,无具体车系，此项删除,
1,奥迪,2285,奥迪A6,A6,一汽奥迪,,
15,宝骏,2286,宝骏730,730,上汽通用五菱,,
7,宝马,2287,宝马X4,X4,进口宝马,,
7,宝马,2288,宝马M4,M4,进口宝马M系,,
30,东风风神,2289,风神A30,A30,东风乘用车,,
38,法拉利,2290,LaFerrari,LaFerrari,法拉利,无具体车系，此项删除,
108,日产,2291,启辰R30,R30,东风日产,,
104,起亚,2292,起亚K4,K4,东风悦达起亚,,
125,现代,2293,捷恩斯,捷恩斯,进口现代,,
81,力帆,2294,力帆X50,X50,力帆,,
9,奔驰,2295,奔驰GLA级(进口),GLA级,进口奔驰,,
131,一汽,2296,骏派D60,D60,天津一汽,,
5,本田,2297,缤智,缤智,广汽本田,,
87,林肯,2298,林肯MKC,MKC,林肯,,
6,别克,2299,昂科威,昂科威,上海通用别克,,
8,比亚迪,2300,比亚迪S7,S7,比亚迪,,
143,吉利,2301,豪情SUV,SUV,吉利,,
125,现代,2302,北京现代ix25,ix25,北京现代,,
31,DS,2303,DS 6,DS 6,长安标致DS,,
132,英菲尼迪,2304,英菲尼迪ESQ,ESQ,英菲尼迪,,
13,北京汽车,2305,北京40,北京40,北京汽车,,
115,绅宝,2306,绅宝D60,D60,绅宝D60,,
105,奇瑞,2307,艾瑞泽3,艾瑞泽3,奇瑞,,
157,凯翼,2308,凯翼C3,凯翼C3,\N,,
52,华泰,2309,新圣达菲,新圣达菲,华泰,,
1,奥迪,2310,奥迪S3(进口),S3,进口奥迪,,
101,讴歌,2311,讴歌TLX,TLX,讴歌,,
21,长安轿车,2312,悦翔V7,V7,长安轿车,,
13,北京汽车,2313,绅宝D20,D20,北京汽车,,
79,路虎,2314,发现神行,发现神行,路虎,,
80,雷克萨斯,2315,雷克萨斯NX,NX,雷克萨斯,,
5,本田,2316,本田XR-V,XR-V,东风本田,,
30,东风风神,2317,风神AX7,AX7,东风风神,,
132,英菲尼迪,2318,英菲尼迪Q50L,Q50L,英菲尼迪,,
122,沃尔沃,2319,沃尔沃XC60,XC60,长安沃尔沃,,
138,众泰,2320,众泰Z500,Z500,众泰,,
40,福迪,2321,揽福,揽福,福迪,,
22,长城,2322,哈弗H1,H1,长城,,
22,长城,2323,哈弗H9,H9,长城,,
93,MG,2324,MG GT,GT,MG,,